{
    "brand_values": [
        [
            "samsung",
            227132.4913000001
        ],
        [
            "huawei",
            146643.45429999998
        ],
        [
            "vivo",
            141111.68940000003
        ],
        [
            "xiaomi",
            108782.94320000002
        ],
        [
            "oppo",
            97290.1142
        ],
        [
            "apple",
            92174.74519999999
        ],
        [
            "motorola",
            87914.77380000005
        ],
        [
            "zte",
            77023.5679
        ],
        [
            "honor",
            76203.4321
        ],
        [
            "lg",
            74920
        ],
        [
            "htc",
            68743.65000000001
        ],
        [
            "nokia",
            63094.82069999999
        ],
        [
            "asus",
            62484.3149
        ],
        [
            "lenovo",
            49940
        ],
        [
            "realme",
            46407.03809999999
        ],
        [
            "sony",
            40055.98090000001
        ]
    ],
    "min_max": {
        "max_value": {
            "samsung": 1152
        },
        "min_value": {
            "nothing": 5
        }
    }
}